year,mean_emissions
2000,116.6145580990566
2010,151.52179555868545
2020,160.90156742723002
2023,172.1798400169014
