,average_carbon_tax,average_ets,gdp,gdp_per_capita,inflation,unemployment
average_carbon_tax,1.0,0.2077859580309528,-0.5611422112268991,0.8075054131718551,-0.5885298477532604,0.1709533132110889
average_ets,0.2077859580309528,1.0,0.5313206481873338,0.18147259312297284,0.32452792544436393,-0.009718501603700651
gdp,-0.5611422112268991,0.5313206481873338,1.0,-0.6079704525439319,0.8286037373610894,-0.04999236639929676
gdp_per_capita,0.8075054131718551,0.18147259312297284,-0.6079704525439319,1.0,-0.815632493114013,0.3149459571427669
inflation,-0.5885298477532604,0.32452792544436393,0.8286037373610894,-0.815632493114013,1.0,-0.3176332935708559
unemployment,0.1709533132110889,-0.009718501603700651,-0.04999236639929676,0.3149459571427669,-0.3176332935708559,1.0
