,coef,std_err,p_value,ci_low,ci_high
post,1.3835187936561981,0.3275515933834285,2.4019649261819765e-05,0.74152946754597,2.0255081197664264
treat_post,,,,,
trade_openness,1.5705271668110288,0.8272339123888427,0.05762649583781001,-0.0508215082612653,3.1918758418833226
renewable_energy_pct,0.030894875291009545,0.0274317171834381,0.2600611988282563,-0.022870302422617658,0.08466005300463675
manufacturing_growth,0.24622334114093267,0.019036431772221026,2.8815329137467297e-38,0.20891262047322545,0.2835340618086399
ores_metals_exports_pct,0.1791700123914117,0.08432474852142005,0.033606485945908975,0.013896542284031227,0.3444434824987922
population,-2.0117194348404397e-07,4.210766393219686e-08,1.774340128439146e-06,-2.83701448264266e-07,-1.186424387038219e-07
