,coef,std_err,p_value,ci_low,ci_high
fake_post,-1.5540659252750109,0.6418164543246779,0.015462739034698556,-2.8120030604365764,-0.2961287901134455
fake_treat_post,0.07595487141267299,0.7300766753507996,0.9171401118425094,-1.3549691182276355,1.5068788610529815
trade_openness,2.5155300837220818,2.4431213007069865,0.3031800557683825,-2.272899675526263,7.303959842970427
renewable_energy_pct,-0.002443904214438977,0.0642259451330857,0.9696464882977757,-0.1283244435483325,0.12343663511945456
ores_metals_exports_pct,-0.23657639140083342,0.35764416469870985,0.5083010780865582,-0.9375460734912161,0.46439329068954927
population,1.2808540904260065e-08,1.1878869581916462e-08,0.28091657858095853,-1.047361565334457e-08,3.60906974618647e-08
